{
  "model": "b_alexnet_cifar",
  "dataset": "cifar10",
  "thresholds": {
    "min_thr": 0.1,
    "max_thr": 2.0,
    "step": 0.1
  },
  "test_vals": [
    {
      "conf_metrics": {
        "_thr_entropy": {
          "exit_pc": [
            0.1548,
            0.154,
            0.846
          ],
          "accu_pc": [
            0.9877260981912145,
            0.974025974025974,
            0.7378250591016549
          ],
          "exit_threshs": [
            0.1,
            0.1,
            1000000
          ],
          "combined_accuracy": 0.9271
        }
      },
      "num_exits": 3,
      "num_samples": 10000,
      "batch_size": 500,
      "accu_per_exit": [
        0.7356,
        0.7681,
        0.774
      ]
    },
    {
      "conf_metrics": {
        "_thr_entropy": {
          "exit_pc": [
            0.2334,
            0.1711,
            0.8289
          ],
          "accu_pc": [
            0.9815766923736076,
            0.9497369959088252,
            0.739413680781759
          ],
          "exit_threshs": [
            0.2,
            0.2,
            1000000
          ],
          "combined_accuracy": 1.0045
        }
      },
      "num_exits": 3,
      "num_samples": 10000,
      "batch_size": 500,
      "accu_per_exit": [
        0.7356,
        0.7681,
        0.774
      ]
    },
    {
      "conf_metrics": {
        "_thr_entropy": {
          "exit_pc": [
            0.2933,
            0.1802,
            0.8198
          ],
          "accu_pc": [
            0.9727241732015002,
            0.9273029966703663,
            0.7437179799951208
          ],
          "exit_threshs": [
            0.30000000000000004,
            0.30000000000000004,
            1000000
          ],
          "combined_accuracy": 1.0621
        }
      },
      "num_exits": 3,
      "num_samples": 10000,
      "batch_size": 500,
      "accu_per_exit": [
        0.7356,
        0.7681,
        0.774
      ]
    },
    {
      "conf_metrics": {
        "_thr_entropy": {
          "exit_pc": [
            0.3469,
            0.184,
            0.816
          ],
          "accu_pc": [
            0.9645430959930816,
            0.8956521739130435,
            0.7488970588235294
          ],
          "exit_threshs": [
            0.4,
            0.4,
            1000000
          ],
          "combined_accuracy": 1.1105
        }
      },
      "num_exits": 3,
      "num_samples": 10000,
      "batch_size": 500,
      "accu_per_exit": [
        0.7356,
        0.7681,
        0.774
      ]
    },
    {
      "conf_metrics": {
        "_thr_entropy": {
          "exit_pc": [
            0.3985,
            0.1865,
            0.8135
          ],
          "accu_pc": [
            0.9515683814303638,
            0.8707774798927614,
            0.7542716656422864
          ],
          "exit_threshs": [
            0.5,
            0.5,
            1000000
          ],
          "combined_accuracy": 1.1552
        }
      },
      "num_exits": 3,
      "num_samples": 10000,
      "batch_size": 500,
      "accu_per_exit": [
        0.7356,
        0.7681,
        0.774
      ]
    },
    {
      "conf_metrics": {
        "_thr_entropy": {
          "exit_pc": [
            0.4491,
            0.1888,
            0.8112
          ],
          "accu_pc": [
            0.9365397461589846,
            0.8426906779661016,
            0.758629191321499
          ],
          "exit_threshs": [
            0.6,
            0.6,
            1000000
          ],
          "combined_accuracy": 1.1951
        }
      },
      "num_exits": 3,
      "num_samples": 10000,
      "batch_size": 500,
      "accu_per_exit": [
        0.7356,
        0.7681,
        0.774
      ]
    },
    {
      "conf_metrics": {
        "_thr_entropy": {
          "exit_pc": [
            0.5048,
            0.1852,
            0.8148
          ],
          "accu_pc": [
            0.9193740095087163,
            0.8072354211663066,
            0.7673048600883653
          ],
          "exit_threshs": [
            0.7000000000000001,
            0.7000000000000001,
            1000000
          ],
          "combined_accuracy": 1.2388000000000001
        }
      },
      "num_exits": 3,
      "num_samples": 10000,
      "batch_size": 500,
      "accu_per_exit": [
        0.7356,
        0.7681,
        0.774
      ]
    },
    {
      "conf_metrics": {
        "_thr_entropy": {
          "exit_pc": [
            0.5641,
            0.18,
            0.82
          ],
          "accu_pc": [
            0.898244992022691,
            0.7716666666666666,
            0.776829268292683
          ],
          "exit_threshs": [
            0.8,
            0.8,
            1000000
          ],
          "combined_accuracy": 1.2826
        }
      },
      "num_exits": 3,
      "num_samples": 10000,
      "batch_size": 500,
      "accu_per_exit": [
        0.7356,
        0.7681,
        0.774
      ]
    },
    {
      "conf_metrics": {
        "_thr_entropy": {
          "exit_pc": [
            0.6211,
            0.1714,
            0.8286
          ],
          "accu_pc": [
            0.8773144421188215,
            0.7380396732788798,
            0.7845763939174512
          ],
          "exit_threshs": [
            0.9,
            0.9,
            1000000
          ],
          "combined_accuracy": 1.3215000000000001
        }
      },
      "num_exits": 3,
      "num_samples": 10000,
      "batch_size": 500,
      "accu_per_exit": [
        0.7356,
        0.7681,
        0.774
      ]
    },
    {
      "conf_metrics": {
        "_thr_entropy": {
          "exit_pc": [
            0.6771,
            0.1588,
            0.8412
          ],
          "accu_pc": [
            0.8545266578053463,
            0.7052896725440806,
            0.7898240608654303
          ],
          "exit_threshs": [
            1.0,
            1.0,
            1000000
          ],
          "combined_accuracy": 1.355
        }
      },
      "num_exits": 3,
      "num_samples": 10000,
      "batch_size": 500,
      "accu_per_exit": [
        0.7356,
        0.7681,
        0.774
      ]
    },
    {
      "conf_metrics": {
        "_thr_entropy": {
          "exit_pc": [
            0.7296,
            0.1446,
            0.8554
          ],
          "accu_pc": [
            0.8363486842105263,
            0.6708160442600276,
            0.7948328267477204
          ],
          "exit_threshs": [
            1.1,
            1.1,
            1000000
          ],
          "combined_accuracy": 1.3871
        }
      },
      "num_exits": 3,
      "num_samples": 10000,
      "batch_size": 500,
      "accu_per_exit": [
        0.7356,
        0.7681,
        0.774
      ]
    },
    {
      "conf_metrics": {
        "_thr_entropy": {
          "exit_pc": [
            0.7808,
            0.1293,
            0.8707
          ],
          "accu_pc": [
            0.8185194672131147,
            0.6326372776488786,
            0.7968301366716435
          ],
          "exit_threshs": [
            1.2000000000000002,
            1.2000000000000002,
            1000000
          ],
          "combined_accuracy": 1.4147
        }
      },
      "num_exits": 3,
      "num_samples": 10000,
      "batch_size": 500,
      "accu_per_exit": [
        0.7356,
        0.7681,
        0.774
      ]
    },
    {
      "conf_metrics": {
        "_thr_entropy": {
          "exit_pc": [
            0.8332,
            0.1059,
            0.8941
          ],
          "accu_pc": [
            0.8007681228996639,
            0.5967894239848914,
            0.7963315065428923
          ],
          "exit_threshs": [
            1.3000000000000003,
            1.3000000000000003,
            1000000
          ],
          "combined_accuracy": 1.4424000000000001
        }
      },
      "num_exits": 3,
      "num_samples": 10000,
      "batch_size": 500,